1681c3ac-3805-4182-a1bf-089992939826;00e09a09-048c-48f6-a4f0-1d502d9b9345
3d661416-4898-4c76-bdd2-6e48f10c048b;00e09a09-048c-48f6-a4f0-1d502d9b9345
e5b40c98-2fc0-4e5d-847d-5dc0f87a0779;00e09a09-048c-48f6-a4f0-1d502d9b9345
673530cb-efb1-46d1-bdab-e5aa96d4ce68;0478523f-ecc1-4927-b369-e35a05c897cf
e5b40c98-2fc0-4e5d-847d-5dc0f87a0779;0478523f-ecc1-4927-b369-e35a05c897cf
fca701eb-67a4-4ce8-8c49-84809c83b54e;0478523f-ecc1-4927-b369-e35a05c897cf
0c7c19b0-bd3b-4528-9aff-7350a11f86af;10538074-fb2f-43a7-9a36-3662ca74856a
e5b40c98-2fc0-4e5d-847d-5dc0f87a0779;10538074-fb2f-43a7-9a36-3662ca74856a
ffee517e-7151-483d-8d74-7a81ab45cc88;10538074-fb2f-43a7-9a36-3662ca74856a
673530cb-efb1-46d1-bdab-e5aa96d4ce68;161b02a4-1d48-4f31-9d9f-c3697a878450
e5b40c98-2fc0-4e5d-847d-5dc0f87a0779;161b02a4-1d48-4f31-9d9f-c3697a878450
fca701eb-67a4-4ce8-8c49-84809c83b54e;161b02a4-1d48-4f31-9d9f-c3697a878450
1681c3ac-3805-4182-a1bf-089992939826;1cc1f46a-7418-4b6d-8c6d-2f20f16cdafe
3d661416-4898-4c76-bdd2-6e48f10c048b;1cc1f46a-7418-4b6d-8c6d-2f20f16cdafe
e5b40c98-2fc0-4e5d-847d-5dc0f87a0779;1cc1f46a-7418-4b6d-8c6d-2f20f16cdafe
673530cb-efb1-46d1-bdab-e5aa96d4ce68;1d495702-432b-4d02-b4da-4e4b6b192b98
e5b40c98-2fc0-4e5d-847d-5dc0f87a0779;1d495702-432b-4d02-b4da-4e4b6b192b98
fca701eb-67a4-4ce8-8c49-84809c83b54e;1d495702-432b-4d02-b4da-4e4b6b192b98
1681c3ac-3805-4182-a1bf-089992939826;1f7b01e0-f43f-44e3-8495-b90ad60f2f56
3d661416-4898-4c76-bdd2-6e48f10c048b;1f7b01e0-f43f-44e3-8495-b90ad60f2f56
e5b40c98-2fc0-4e5d-847d-5dc0f87a0779;1f7b01e0-f43f-44e3-8495-b90ad60f2f56
0c7c19b0-bd3b-4528-9aff-7350a11f86af;30d8828b-eab0-4401-9ac4-2be339dcd8eb
e5b40c98-2fc0-4e5d-847d-5dc0f87a0779;30d8828b-eab0-4401-9ac4-2be339dcd8eb
ffee517e-7151-483d-8d74-7a81ab45cc88;30d8828b-eab0-4401-9ac4-2be339dcd8eb
1681c3ac-3805-4182-a1bf-089992939826;3614993c-1807-4137-ba50-33ae064ec28a
3d661416-4898-4c76-bdd2-6e48f10c048b;3614993c-1807-4137-ba50-33ae064ec28a
e5b40c98-2fc0-4e5d-847d-5dc0f87a0779;3614993c-1807-4137-ba50-33ae064ec28a
673530cb-efb1-46d1-bdab-e5aa96d4ce68;3644a42c-1462-4c65-ac38-484d063d6766
e5b40c98-2fc0-4e5d-847d-5dc0f87a0779;3644a42c-1462-4c65-ac38-484d063d6766
fca701eb-67a4-4ce8-8c49-84809c83b54e;3644a42c-1462-4c65-ac38-484d063d6766
0c7c19b0-bd3b-4528-9aff-7350a11f86af;3c533949-a3e6-4cea-b36d-d3838a095fc4
e5b40c98-2fc0-4e5d-847d-5dc0f87a0779;3c533949-a3e6-4cea-b36d-d3838a095fc4
ffee517e-7151-483d-8d74-7a81ab45cc88;3c533949-a3e6-4cea-b36d-d3838a095fc4
0c7c19b0-bd3b-4528-9aff-7350a11f86af;44109065-9f8e-4aaf-99ef-4b235e66c0ca
e5b40c98-2fc0-4e5d-847d-5dc0f87a0779;44109065-9f8e-4aaf-99ef-4b235e66c0ca
ffee517e-7151-483d-8d74-7a81ab45cc88;44109065-9f8e-4aaf-99ef-4b235e66c0ca
0c7c19b0-bd3b-4528-9aff-7350a11f86af;4daa2c1a-5995-48f8-85ca-817dafbe3985
e5b40c98-2fc0-4e5d-847d-5dc0f87a0779;4daa2c1a-5995-48f8-85ca-817dafbe3985
ffee517e-7151-483d-8d74-7a81ab45cc88;4daa2c1a-5995-48f8-85ca-817dafbe3985
1681c3ac-3805-4182-a1bf-089992939826;4fcf5d22-fd38-4a76-b060-f115e2fb6877
3d661416-4898-4c76-bdd2-6e48f10c048b;4fcf5d22-fd38-4a76-b060-f115e2fb6877
e5b40c98-2fc0-4e5d-847d-5dc0f87a0779;4fcf5d22-fd38-4a76-b060-f115e2fb6877
0c7c19b0-bd3b-4528-9aff-7350a11f86af;5b99cdae-f608-4c26-91dd-762dc639acc1
e5b40c98-2fc0-4e5d-847d-5dc0f87a0779;5b99cdae-f608-4c26-91dd-762dc639acc1
ffee517e-7151-483d-8d74-7a81ab45cc88;5b99cdae-f608-4c26-91dd-762dc639acc1
0c7c19b0-bd3b-4528-9aff-7350a11f86af;6177d41e-61cf-4af5-9c39-a407bbd50cea
e5b40c98-2fc0-4e5d-847d-5dc0f87a0779;6177d41e-61cf-4af5-9c39-a407bbd50cea
ffee517e-7151-483d-8d74-7a81ab45cc88;6177d41e-61cf-4af5-9c39-a407bbd50cea
0c7c19b0-bd3b-4528-9aff-7350a11f86af;6693e497-3208-4cde-9f24-ec1a583d6578
e5b40c98-2fc0-4e5d-847d-5dc0f87a0779;6693e497-3208-4cde-9f24-ec1a583d6578
ffee517e-7151-483d-8d74-7a81ab45cc88;6693e497-3208-4cde-9f24-ec1a583d6578
1681c3ac-3805-4182-a1bf-089992939826;67b5bfc6-d075-4ca3-9cf6-082f16d88a03
3d661416-4898-4c76-bdd2-6e48f10c048b;67b5bfc6-d075-4ca3-9cf6-082f16d88a03
e5b40c98-2fc0-4e5d-847d-5dc0f87a0779;67b5bfc6-d075-4ca3-9cf6-082f16d88a03
1681c3ac-3805-4182-a1bf-089992939826;7ed18595-349e-454b-8443-809442ce76b2
3d661416-4898-4c76-bdd2-6e48f10c048b;7ed18595-349e-454b-8443-809442ce76b2
e5b40c98-2fc0-4e5d-847d-5dc0f87a0779;7ed18595-349e-454b-8443-809442ce76b2
0c7c19b0-bd3b-4528-9aff-7350a11f86af;83188c3a-b667-4508-9d9c-46de5c6449bb
e5b40c98-2fc0-4e5d-847d-5dc0f87a0779;83188c3a-b667-4508-9d9c-46de5c6449bb
ffee517e-7151-483d-8d74-7a81ab45cc88;83188c3a-b667-4508-9d9c-46de5c6449bb
673530cb-efb1-46d1-bdab-e5aa96d4ce68;86cd6abe-2fd0-4e90-8c92-4ae7004bfc44
e5b40c98-2fc0-4e5d-847d-5dc0f87a0779;86cd6abe-2fd0-4e90-8c92-4ae7004bfc44
fca701eb-67a4-4ce8-8c49-84809c83b54e;86cd6abe-2fd0-4e90-8c92-4ae7004bfc44
673530cb-efb1-46d1-bdab-e5aa96d4ce68;878b01eb-ace1-4216-a62b-9ec404cd0744
e5b40c98-2fc0-4e5d-847d-5dc0f87a0779;878b01eb-ace1-4216-a62b-9ec404cd0744
fca701eb-67a4-4ce8-8c49-84809c83b54e;878b01eb-ace1-4216-a62b-9ec404cd0744
1681c3ac-3805-4182-a1bf-089992939826;8a1ad804-94dd-4729-9aa3-702fee056d97
3d661416-4898-4c76-bdd2-6e48f10c048b;8a1ad804-94dd-4729-9aa3-702fee056d97
e5b40c98-2fc0-4e5d-847d-5dc0f87a0779;8a1ad804-94dd-4729-9aa3-702fee056d97
1681c3ac-3805-4182-a1bf-089992939826;8b36d67b-bd01-4288-ad4f-2a3692316e3e
3d661416-4898-4c76-bdd2-6e48f10c048b;8b36d67b-bd01-4288-ad4f-2a3692316e3e
e5b40c98-2fc0-4e5d-847d-5dc0f87a0779;8b36d67b-bd01-4288-ad4f-2a3692316e3e
1681c3ac-3805-4182-a1bf-089992939826;97fcea41-9924-4947-b996-9fcb577efb40
3d661416-4898-4c76-bdd2-6e48f10c048b;97fcea41-9924-4947-b996-9fcb577efb40
e5b40c98-2fc0-4e5d-847d-5dc0f87a0779;97fcea41-9924-4947-b996-9fcb577efb40
673530cb-efb1-46d1-bdab-e5aa96d4ce68;9e94b7f1-83ef-4e33-84f5-b70a19bf094e
e5b40c98-2fc0-4e5d-847d-5dc0f87a0779;9e94b7f1-83ef-4e33-84f5-b70a19bf094e
fca701eb-67a4-4ce8-8c49-84809c83b54e;9e94b7f1-83ef-4e33-84f5-b70a19bf094e
673530cb-efb1-46d1-bdab-e5aa96d4ce68;a6c1fc99-46c5-41a0-819d-1c3c38097ba1
e5b40c98-2fc0-4e5d-847d-5dc0f87a0779;a6c1fc99-46c5-41a0-819d-1c3c38097ba1
fca701eb-67a4-4ce8-8c49-84809c83b54e;a6c1fc99-46c5-41a0-819d-1c3c38097ba1
673530cb-efb1-46d1-bdab-e5aa96d4ce68;af76564e-dcf8-455b-a103-ff550eb1c1de
e5b40c98-2fc0-4e5d-847d-5dc0f87a0779;af76564e-dcf8-455b-a103-ff550eb1c1de
fca701eb-67a4-4ce8-8c49-84809c83b54e;af76564e-dcf8-455b-a103-ff550eb1c1de
0c7c19b0-bd3b-4528-9aff-7350a11f86af;b7026795-c887-4eba-94ff-e5549ebb9f1a
e5b40c98-2fc0-4e5d-847d-5dc0f87a0779;b7026795-c887-4eba-94ff-e5549ebb9f1a
ffee517e-7151-483d-8d74-7a81ab45cc88;b7026795-c887-4eba-94ff-e5549ebb9f1a
0c7c19b0-bd3b-4528-9aff-7350a11f86af;be0850df-a6b7-41a7-bfdb-eb7f370e34af
e5b40c98-2fc0-4e5d-847d-5dc0f87a0779;be0850df-a6b7-41a7-bfdb-eb7f370e34af
ffee517e-7151-483d-8d74-7a81ab45cc88;be0850df-a6b7-41a7-bfdb-eb7f370e34af
0c7c19b0-bd3b-4528-9aff-7350a11f86af;be97c982-440a-45a3-98f2-a03365364ec1
e5b40c98-2fc0-4e5d-847d-5dc0f87a0779;be97c982-440a-45a3-98f2-a03365364ec1
ffee517e-7151-483d-8d74-7a81ab45cc88;be97c982-440a-45a3-98f2-a03365364ec1
673530cb-efb1-46d1-bdab-e5aa96d4ce68;c2556866-f69e-4fd1-9438-f48c2cbb269a
e5b40c98-2fc0-4e5d-847d-5dc0f87a0779;c2556866-f69e-4fd1-9438-f48c2cbb269a
fca701eb-67a4-4ce8-8c49-84809c83b54e;c2556866-f69e-4fd1-9438-f48c2cbb269a
0c7c19b0-bd3b-4528-9aff-7350a11f86af;c6382a34-721a-45b5-931e-16f13622fc5a
e5b40c98-2fc0-4e5d-847d-5dc0f87a0779;c6382a34-721a-45b5-931e-16f13622fc5a
ffee517e-7151-483d-8d74-7a81ab45cc88;c6382a34-721a-45b5-931e-16f13622fc5a
1681c3ac-3805-4182-a1bf-089992939826;cd713836-5e23-4083-8f91-e928e50b8cda
3d661416-4898-4c76-bdd2-6e48f10c048b;cd713836-5e23-4083-8f91-e928e50b8cda
e5b40c98-2fc0-4e5d-847d-5dc0f87a0779;cd713836-5e23-4083-8f91-e928e50b8cda
673530cb-efb1-46d1-bdab-e5aa96d4ce68;d91ee3b2-5cc1-4d14-a80b-eb7fb17caaef
e5b40c98-2fc0-4e5d-847d-5dc0f87a0779;d91ee3b2-5cc1-4d14-a80b-eb7fb17caaef
fca701eb-67a4-4ce8-8c49-84809c83b54e;d91ee3b2-5cc1-4d14-a80b-eb7fb17caaef
1681c3ac-3805-4182-a1bf-089992939826;df67d97d-b618-4939-9831-69e65be5d774
3d661416-4898-4c76-bdd2-6e48f10c048b;df67d97d-b618-4939-9831-69e65be5d774
e5b40c98-2fc0-4e5d-847d-5dc0f87a0779;df67d97d-b618-4939-9831-69e65be5d774
1681c3ac-3805-4182-a1bf-089992939826;e0bec4fa-4b35-4b71-b247-96a42b8c245e
3d661416-4898-4c76-bdd2-6e48f10c048b;e0bec4fa-4b35-4b71-b247-96a42b8c245e
e5b40c98-2fc0-4e5d-847d-5dc0f87a0779;e0bec4fa-4b35-4b71-b247-96a42b8c245e
673530cb-efb1-46d1-bdab-e5aa96d4ce68;e50a2409-52aa-4402-9cbe-ef31aa7c7232
e5b40c98-2fc0-4e5d-847d-5dc0f87a0779;e50a2409-52aa-4402-9cbe-ef31aa7c7232
fca701eb-67a4-4ce8-8c49-84809c83b54e;e50a2409-52aa-4402-9cbe-ef31aa7c7232
1681c3ac-3805-4182-a1bf-089992939826;edd4f224-c3dc-48f8-9471-8b58525daa51
3d661416-4898-4c76-bdd2-6e48f10c048b;edd4f224-c3dc-48f8-9471-8b58525daa51
e5b40c98-2fc0-4e5d-847d-5dc0f87a0779;edd4f224-c3dc-48f8-9471-8b58525daa51
0c7c19b0-bd3b-4528-9aff-7350a11f86af;ee5d4f46-5ffc-4fb5-bd3f-f75b34ee7913
e5b40c98-2fc0-4e5d-847d-5dc0f87a0779;ee5d4f46-5ffc-4fb5-bd3f-f75b34ee7913
ffee517e-7151-483d-8d74-7a81ab45cc88;ee5d4f46-5ffc-4fb5-bd3f-f75b34ee7913
673530cb-efb1-46d1-bdab-e5aa96d4ce68;eef6e502-deb9-4d8d-8d25-c172f59a0e92
e5b40c98-2fc0-4e5d-847d-5dc0f87a0779;eef6e502-deb9-4d8d-8d25-c172f59a0e92
fca701eb-67a4-4ce8-8c49-84809c83b54e;eef6e502-deb9-4d8d-8d25-c172f59a0e92
673530cb-efb1-46d1-bdab-e5aa96d4ce68;f3ab06cc-2c27-4fd8-b6e6-6a70b5251f60
e5b40c98-2fc0-4e5d-847d-5dc0f87a0779;f3ab06cc-2c27-4fd8-b6e6-6a70b5251f60
fca701eb-67a4-4ce8-8c49-84809c83b54e;f3ab06cc-2c27-4fd8-b6e6-6a70b5251f60