17fb04b2-34c9-4f7a-99d3-7ae41a34cf24;00e09a09-048c-48f6-a4f0-1d502d9b9345
66789671-45ab-4499-b392-c9b4db6142e2;01851003-9c64-42a2-9881-621fde6f6685
a0ad8b07-8135-4d25-a5d5-af37b974c9e4;03b039c9-6770-4f1b-b976-394406dac8f8
118ca4f3-205b-4ae2-a81c-af636d46f7e8;0478523f-ecc1-4927-b369-e35a05c897cf
a0ad8b07-8135-4d25-a5d5-af37b974c9e4;0511f7c4-6db3-4719-a6c7-5b51ee6dcf02
a0ad8b07-8135-4d25-a5d5-af37b974c9e4;0d6056a4-2fdb-4d1d-8587-80ccce56f742
ab450d59-058c-4df2-bfdd-614799dcf7c0;10538074-fb2f-43a7-9a36-3662ca74856a
66789671-45ab-4499-b392-c9b4db6142e2;13c2b440-6e2f-49f5-be4e-d964a1419486
a0ad8b07-8135-4d25-a5d5-af37b974c9e4;1417e5ce-189f-4c78-8d72-5dc71bbaf473
118ca4f3-205b-4ae2-a81c-af636d46f7e8;161b02a4-1d48-4f31-9d9f-c3697a878450
0299de1b-eddb-4f1b-ae9b-97fb4a7b4bac;1b24c321-8c35-4361-b736-51266392ae2c
0299de1b-eddb-4f1b-ae9b-97fb4a7b4bac;1bb00261-7272-43d0-9727-da55e2a7c83c
0299de1b-eddb-4f1b-ae9b-97fb4a7b4bac;1bfdff48-4015-4f3c-b2de-9a724f6844c0
17fb04b2-34c9-4f7a-99d3-7ae41a34cf24;1cc1f46a-7418-4b6d-8c6d-2f20f16cdafe
ab450d59-058c-4df2-bfdd-614799dcf7c0;1d495702-432b-4d02-b4da-4e4b6b192b98
a0ad8b07-8135-4d25-a5d5-af37b974c9e4;1dd53489-e1f9-4bac-ae7f-0c72cb36288a
66789671-45ab-4499-b392-c9b4db6142e2;1e53cc86-806d-4c01-ac5a-23f8fc69c666
ab450d59-058c-4df2-bfdd-614799dcf7c0;1f7b01e0-f43f-44e3-8495-b90ad60f2f56
8ad5447a-1990-42a0-84b3-fa8872782990;24935158-a27f-4121-87fa-3f6707742a72
ea864470-9d79-4b96-b21d-9463053c51aa;2577c30c-9ff9-445b-8778-2a3899a2bb36
a35ffabb-829e-4cd1-a9aa-0885b2c2f4d9;26a29d3e-0177-4df9-9201-a4ca947687a3
a0ad8b07-8135-4d25-a5d5-af37b974c9e4;26bc1c08-6313-473b-a265-b2441181503b
a0ad8b07-8135-4d25-a5d5-af37b974c9e4;2a316e50-9401-4393-a860-40d08db93f58
8ad5447a-1990-42a0-84b3-fa8872782990;2c675b64-3142-4838-9272-9535dcf44167
66789671-45ab-4499-b392-c9b4db6142e2;2d0df899-d762-47b7-87d9-cbd245067c5c
a0ad8b07-8135-4d25-a5d5-af37b974c9e4;2d1c654b-ada2-4c6b-ad9c-3f8a02379cc8
118ca4f3-205b-4ae2-a81c-af636d46f7e8;30d8828b-eab0-4401-9ac4-2be339dcd8eb
4ea0a928-de80-4dd7-957b-1df38c4fc23f;31f2f2a8-4077-45c5-a74c-6bc44e4f2c9c
118ca4f3-205b-4ae2-a81c-af636d46f7e8;3614993c-1807-4137-ba50-33ae064ec28a
17fb04b2-34c9-4f7a-99d3-7ae41a34cf24;3644a42c-1462-4c65-ac38-484d063d6766
66789671-45ab-4499-b392-c9b4db6142e2;3ae981c3-dd67-4632-a614-292420402fc9
ab450d59-058c-4df2-bfdd-614799dcf7c0;3c533949-a3e6-4cea-b36d-d3838a095fc4
a0ad8b07-8135-4d25-a5d5-af37b974c9e4;3e480f20-d6e5-4a43-b7ef-26acad0bda98
a35ffabb-829e-4cd1-a9aa-0885b2c2f4d9;4099ef93-a7a1-4141-910a-892d37ab07c6
8ad5447a-1990-42a0-84b3-fa8872782990;42e628f6-1085-4465-af46-3327c35e5cba
78da0329-0ab7-4dae-80b6-aa0e07e1a8d1;44109065-9f8e-4aaf-99ef-4b235e66c0ca
a0ad8b07-8135-4d25-a5d5-af37b974c9e4;49489bb5-f469-4b26-b853-998d63a823be
78da0329-0ab7-4dae-80b6-aa0e07e1a8d1;4daa2c1a-5995-48f8-85ca-817dafbe3985
ab450d59-058c-4df2-bfdd-614799dcf7c0;4fcf5d22-fd38-4a76-b060-f115e2fb6877
fc6a63e0-6298-4745-afe3-a48d0146e9b6;50d54642-1eff-49e0-983a-87eabf828b62
fc6a63e0-6298-4745-afe3-a48d0146e9b6;51308109-d574-4a86-a8c6-ff82669d6c5e
ab450d59-058c-4df2-bfdd-614799dcf7c0;5b99cdae-f608-4c26-91dd-762dc639acc1
fc6a63e0-6298-4745-afe3-a48d0146e9b6;5c10052e-a335-4282-96c2-de3726363c7f
a0ad8b07-8135-4d25-a5d5-af37b974c9e4;5c5d7ea9-4782-4f60-8076-06eb19b0feae
8ad5447a-1990-42a0-84b3-fa8872782990;5c6b604c-85bf-44e1-9407-78f5eb2bfec2
21a1b166-df73-40ce-811a-068b1af14f00;5d45d087-e1da-4f8c-8239-87d68be37891
66789671-45ab-4499-b392-c9b4db6142e2;6070f351-fa5d-4cd8-8f64-da7fa35b0d00
78da0329-0ab7-4dae-80b6-aa0e07e1a8d1;6177d41e-61cf-4af5-9c39-a407bbd50cea
c66a7e91-9b3c-46d6-a820-20db1ef207c4;63f8dd7c-2050-422c-9b88-f5b3b1c0cb59
17fb04b2-34c9-4f7a-99d3-7ae41a34cf24;6693e497-3208-4cde-9f24-ec1a583d6578
a0ad8b07-8135-4d25-a5d5-af37b974c9e4;679f2bf0-0538-40dc-974b-d39144e33a3c
ab450d59-058c-4df2-bfdd-614799dcf7c0;67b5bfc6-d075-4ca3-9cf6-082f16d88a03
a0ad8b07-8135-4d25-a5d5-af37b974c9e4;6991ba26-df2f-480a-8175-d2d38c3f709d
fc6a63e0-6298-4745-afe3-a48d0146e9b6;69e2521b-d8fa-4aa2-8b35-9dd67ebde221
a35ffabb-829e-4cd1-a9aa-0885b2c2f4d9;6ca69489-4669-4426-9302-0df8aabaaf3a
a0ad8b07-8135-4d25-a5d5-af37b974c9e4;6cf7beeb-3957-41c4-8236-bc62dd3fc91d
a0ad8b07-8135-4d25-a5d5-af37b974c9e4;6f220d23-85ad-49d8-8be5-ea606100f9d6
6ff10a7c-3b33-44c4-8a6a-eaa2e61e22f8;702c429a-e980-4a6d-857e-d9a0b910ba1a
4ea0a928-de80-4dd7-957b-1df38c4fc23f;7090c2d3-edab-46c4-8584-4d3ffb6c687f
a0ad8b07-8135-4d25-a5d5-af37b974c9e4;720befbd-aada-4e90-8497-abbb3f098e7b
66789671-45ab-4499-b392-c9b4db6142e2;76e92e23-1cf6-472d-bc70-d374aa490712
a0ad8b07-8135-4d25-a5d5-af37b974c9e4;7d62821e-dd60-471e-a177-2e89abf352c2
66789671-45ab-4499-b392-c9b4db6142e2;7e205d5e-c0af-474a-9d03-2647a2201f77
a0ad8b07-8135-4d25-a5d5-af37b974c9e4;7e8ee45c-634d-4514-ad2b-473e624fb5f7
118ca4f3-205b-4ae2-a81c-af636d46f7e8;7ed18595-349e-454b-8443-809442ce76b2
a35ffabb-829e-4cd1-a9aa-0885b2c2f4d9;7f24312a-2947-46d1-b17f-db2b5a44f2d5
66789671-45ab-4499-b392-c9b4db6142e2;7ff421e4-36d1-4b4a-aee8-57eb463c7db2
fc6a63e0-6298-4745-afe3-a48d0146e9b6;82ab89c6-102e-4ec3-b37f-86af3169c0ff
118ca4f3-205b-4ae2-a81c-af636d46f7e8;83188c3a-b667-4508-9d9c-46de5c6449bb
a0ad8b07-8135-4d25-a5d5-af37b974c9e4;8493a175-64b7-47f5-81a7-340ad860bf3b
21a1b166-df73-40ce-811a-068b1af14f00;84df1787-cddc-46eb-b91e-6d94470ae170
17fb04b2-34c9-4f7a-99d3-7ae41a34cf24;86cd6abe-2fd0-4e90-8c92-4ae7004bfc44
c66a7e91-9b3c-46d6-a820-20db1ef207c4;86cef571-fdc7-490f-b659-79fbd4cef005
78da0329-0ab7-4dae-80b6-aa0e07e1a8d1;878b01eb-ace1-4216-a62b-9ec404cd0744
a0ad8b07-8135-4d25-a5d5-af37b974c9e4;894cc830-b604-414b-a4f8-313cee83f177
17fb04b2-34c9-4f7a-99d3-7ae41a34cf24;8a1ad804-94dd-4729-9aa3-702fee056d97
a0ad8b07-8135-4d25-a5d5-af37b974c9e4;8a53d64f-a002-4b44-83d6-9fe9bf4badfd
8ad5447a-1990-42a0-84b3-fa8872782990;8aa75d44-4f71-4c82-b249-6f5b46244000
78da0329-0ab7-4dae-80b6-aa0e07e1a8d1;8b36d67b-bd01-4288-ad4f-2a3692316e3e
21a1b166-df73-40ce-811a-068b1af14f00;8d83ad0f-0416-414a-9fdc-353cd2fc1431
a0ad8b07-8135-4d25-a5d5-af37b974c9e4;8ee3a063-c58f-4a1c-b760-8d1e52c6091b
c66a7e91-9b3c-46d6-a820-20db1ef207c4;8f90648f-ebe4-4ea0-b544-b72ea92a58fe
6ff10a7c-3b33-44c4-8a6a-eaa2e61e22f8;907a157c-e1c7-41e2-9330-295096f35902
78da0329-0ab7-4dae-80b6-aa0e07e1a8d1;97fcea41-9924-4947-b996-9fcb577efb40
0299de1b-eddb-4f1b-ae9b-97fb4a7b4bac;986f075f-b03b-446c-b4b0-d22014945454
a0ad8b07-8135-4d25-a5d5-af37b974c9e4;9b135e2e-0953-4281-9ff7-4b67bb9ed375
a0ad8b07-8135-4d25-a5d5-af37b974c9e4;9cad8f1e-9015-4a89-8ec7-f3fdc4ebb55d
a0ad8b07-8135-4d25-a5d5-af37b974c9e4;9d4946a2-93b6-41b4-a59b-c5b1cf3e18f6
c66a7e91-9b3c-46d6-a820-20db1ef207c4;9e156e6e-2aed-40e7-956c-05a34c7f6376
9eb4ccdc-db4f-4c72-9bb9-4256fd4c101f;9e559b7c-02a8-4dcd-9817-80d28f6033e7
78da0329-0ab7-4dae-80b6-aa0e07e1a8d1;9e94b7f1-83ef-4e33-84f5-b70a19bf094e
a35ffabb-829e-4cd1-a9aa-0885b2c2f4d9;9ec20ba3-4427-4e96-bf3a-f2c6aca88b0f
a0ad8b07-8135-4d25-a5d5-af37b974c9e4;9f64b1aa-2adc-4316-b4ef-0f37114c68ec
4ea0a928-de80-4dd7-957b-1df38c4fc23f;a3222901-e88f-4963-9caf-c4dba93596e6
25df62a2-c656-46bb-bd97-e24335197ae8;a58dd69c-c77c-4f7b-abf1-e47673570d72
ab450d59-058c-4df2-bfdd-614799dcf7c0;a6c1fc99-46c5-41a0-819d-1c3c38097ba1
78da0329-0ab7-4dae-80b6-aa0e07e1a8d1;af76564e-dcf8-455b-a103-ff550eb1c1de
c66a7e91-9b3c-46d6-a820-20db1ef207c4;b5c850c5-4b9a-4218-9048-a60f2da5dd66
17fb04b2-34c9-4f7a-99d3-7ae41a34cf24;b7026795-c887-4eba-94ff-e5549ebb9f1a
66789671-45ab-4499-b392-c9b4db6142e2;b7c4d96a-ee6c-4d60-8af8-047619d6c133
8ad5447a-1990-42a0-84b3-fa8872782990;ba96105f-2b28-4815-a02f-20c2b35841a7
a0ad8b07-8135-4d25-a5d5-af37b974c9e4;bbb885c8-63d2-4a4a-9e8d-2cf7a41f1973
17fb04b2-34c9-4f7a-99d3-7ae41a34cf24;be0850df-a6b7-41a7-bfdb-eb7f370e34af
a0ad8b07-8135-4d25-a5d5-af37b974c9e4;be2604bf-a2da-4699-8de1-068d478ea9b1
ab450d59-058c-4df2-bfdd-614799dcf7c0;be97c982-440a-45a3-98f2-a03365364ec1
9eb4ccdc-db4f-4c72-9bb9-4256fd4c101f;bfbd4a78-616f-45d4-b7bf-f87655900a84
a0ad8b07-8135-4d25-a5d5-af37b974c9e4;c14da499-9715-4145-841a-764168dceb8f
a0ad8b07-8135-4d25-a5d5-af37b974c9e4;c20939f4-ea98-405f-bad6-bcd4863c628d
78da0329-0ab7-4dae-80b6-aa0e07e1a8d1;c2556866-f69e-4fd1-9438-f48c2cbb269a
118ca4f3-205b-4ae2-a81c-af636d46f7e8;c6382a34-721a-45b5-931e-16f13622fc5a
a0ad8b07-8135-4d25-a5d5-af37b974c9e4;c9f3aceb-577b-4781-a4f7-33372faa70db
a0ad8b07-8135-4d25-a5d5-af37b974c9e4;ca0de082-0f32-47ef-8c73-e49b95e83b49
78da0329-0ab7-4dae-80b6-aa0e07e1a8d1;cd713836-5e23-4083-8f91-e928e50b8cda
a0ad8b07-8135-4d25-a5d5-af37b974c9e4;d289d66b-6d7f-47ad-8f15-f0a20c2ff632
ab450d59-058c-4df2-bfdd-614799dcf7c0;d91ee3b2-5cc1-4d14-a80b-eb7fb17caaef
8ad5447a-1990-42a0-84b3-fa8872782990;db6b1647-2f85-402c-9c39-db2cd83cc347
ab450d59-058c-4df2-bfdd-614799dcf7c0;df67d97d-b618-4939-9831-69e65be5d774
66789671-45ab-4499-b392-c9b4db6142e2;dfd7030b-f442-462c-923f-bbf4d7f44a76
78da0329-0ab7-4dae-80b6-aa0e07e1a8d1;e0bec4fa-4b35-4b71-b247-96a42b8c245e
ea864470-9d79-4b96-b21d-9463053c51aa;e2b5f501-7fe7-49a8-bc58-eeb6e993fcfd
21a1b166-df73-40ce-811a-068b1af14f00;e300e767-d830-4d21-92ff-8bc3434196b5
6ff10a7c-3b33-44c4-8a6a-eaa2e61e22f8;e32a4a9c-d952-4612-af82-9ac0b51b0307
6ff10a7c-3b33-44c4-8a6a-eaa2e61e22f8;e3f9028d-e0f9-4636-9547-b094373c7f51
ab450d59-058c-4df2-bfdd-614799dcf7c0;e50a2409-52aa-4402-9cbe-ef31aa7c7232
a0ad8b07-8135-4d25-a5d5-af37b974c9e4;e6d0b326-e477-4983-8bf3-99d7f04e562a
8ad5447a-1990-42a0-84b3-fa8872782990;ea6f0ce3-2d6b-4512-bba6-1c197e7bcd23
21a1b166-df73-40ce-811a-068b1af14f00;eb405d55-6274-41b9-83cb-463a1846c0e5
25df62a2-c656-46bb-bd97-e24335197ae8;ebceb12e-0a0f-424e-b153-f8bafbabbcb6
0299de1b-eddb-4f1b-ae9b-97fb4a7b4bac;ecf6b7d5-d290-4649-8d21-b4951aae4ecb
ea864470-9d79-4b96-b21d-9463053c51aa;ed866fdf-c0e9-42dd-92dd-d82ead02ea17
118ca4f3-205b-4ae2-a81c-af636d46f7e8;edd4f224-c3dc-48f8-9471-8b58525daa51
9eb4ccdc-db4f-4c72-9bb9-4256fd4c101f;ee107eba-3618-498c-964f-10132e8682a8
78da0329-0ab7-4dae-80b6-aa0e07e1a8d1;ee5d4f46-5ffc-4fb5-bd3f-f75b34ee7913
17fb04b2-34c9-4f7a-99d3-7ae41a34cf24;eef6e502-deb9-4d8d-8d25-c172f59a0e92
a0ad8b07-8135-4d25-a5d5-af37b974c9e4;ef58ea5b-9f5d-4be7-a576-0bc5512d3b81
118ca4f3-205b-4ae2-a81c-af636d46f7e8;f3ab06cc-2c27-4fd8-b6e6-6a70b5251f60
a0ad8b07-8135-4d25-a5d5-af37b974c9e4;f408f06f-9a5b-4702-bb9f-db4b884496d8
6ff10a7c-3b33-44c4-8a6a-eaa2e61e22f8;f4366032-8505-4b64-bdc1-491dcb8ec9a7
4ea0a928-de80-4dd7-957b-1df38c4fc23f;fe2061d3-c3e9-4158-a38d-5d92e248ba15
25df62a2-c656-46bb-bd97-e24335197ae8;fe3c4294-b7d3-40c8-8524-d05e6ce0a440